id,fname,lname,country,email
1,Clarinda,Conti,Japan,cconti0@arstechnica.com
2,Rochester,Wyldes,China,rwyldes1@abc.net.au
3,Carma,Sproson,Germany,csproson2@tmall.com
4,Michal,Yonge,Japan,myonge3@uiuc.edu
5,Dasie,Davydychev,China,ddavydychev4@list-manage.com
6,Sib,Semiras,Italy,ssemiras5@admin.ch
7,Ebenezer,Wallach,Germany,ewallach6@yahoo.com
8,Giuseppe,Dragon,Nigeria,gdragon7@google.com.hk
9,Jo-ann,Ragles,,jragles8@spiegel.de
10,Monica,McElmurray,Japan,mmcelmurray9@ustream.tv
11,Jermaine,McKmurrie,South Africa,jmckmurriea@engadget.com
12,Bo,Roistone,Indonesia,broistoneb@samsung.com
13,Orin,Crighten,Germany,ocrightenc@hhs.gov
14,Elizabet,Loney,Indonesia,eloneyd@dagondesign.com
15,Arline,Serfati,,aserfatie@blogs.com
16,Robby,Everal,Colombia,reveralf@mysql.com
17,Cindi,Bonett,Ireland,cbonettg@networkadvertising.org
18,Granny,Rowlett,Japan,growletth@psu.edu
19,Jourdain,Cantero,Ireland,jcanteroi@latimes.com
20,Claudie,Risebrow,Ireland,crisebrowj@weibo.com